Workbook

Sheet 카테고리별 실적 및 재고
B2: 26년 03월 소재 카테고리별 실적 및 재고
R3: (단위: 천원, %, kg)
B4: 구분 | C4: 매출 | Q4: 재고 | V4: [ 차트 실시간 연동 데이터 (수식 연결) ]
C5: 총매출 | D5: 순매출 | E5: 전월 | F5: 전월대비 | G5: 총비용 | H5: % | I5: DC | J5: 판촉비 | K5: 정산료 | L5: 원가 | M5: % | N5: 보상액 | O5: 한계이익 | P5: % | Q5: 기말재고 | R5: 판매가능수량 | S5: 기초재고 | T5: 입출고재고 | V5: 구분 | W5: 1월 실적 | X5: 2월 실적 | Y5: 3월 총매출 | Z5: 3월 총비용 | AA5: 3월 한계이익
B6: 전체 | C6: =SUM(C7,C11,C15) -> 310910 | D6: =C6-I6 -> 282768 | E6: =SUM(E7,E11,E15) -> 273535 | F6: =(C6-E6)/E6 -> 0.034 | G6: =SUM(I6:K6) -> 57499 | H6: =G6/C6 -> 0.185 | I6: =SUM(I7,I11,I15) -> 28142 | J6: =SUM(J7,J11,J15) -> 15377 | K6: =SUM(K7,K11,K15) -> 13980 | L6: =SUM(L7,L11,L15) -> 100703 | M6: =L6/C6 -> 0.324 | N6: =SUM(N7,N11,N15) -> 1333 | O6: =C6-G6-L6+N6 -> 154041 | P6: =O6/C6 -> 0.495 | Q6: =S6+T6 -> 3085695 | R6: =AVERAGE(R7,R11,R15) -> 888 | S6: =SUM(S7,S11,S15) -> 2466216 | T6: =SUM(T7,T11,T15) -> 619479 | V6: ='카테고리별 실적 및 재고'!B7 -> 반도체 정밀소재 | W6: 108000 | X6: ='카테고리별 실적 및 재고'!E7 -> 110653 | Y6: ='카테고리별 실적 및 재고'!C7 -> 127824 | Z6: ='카테고리별 실적 및 재고'!G7 -> 22093 | AA6: ='카테고리별 실적 및 재고'!O7 -> 65251
B7: 반도체 정밀소재 | C7: =SUM(C8:C10) -> 127824 | D7: =C7-I7 -> 116477 | E7: =SUM(E8:E10) -> 110653 | F7: =(C7-E7)/E7 -> 0.1551788 | G7: =SUM(I7:K7) -> 22093 | H7: =G7/C7 -> 0.17283922 | I7: =SUM(I8:I10) -> 11347 | J7: =SUM(J8:J10) -> 6441 | K7: =SUM(K8:K10) -> 4305 | L7: =SUM(L8:L10) -> 41233 | M7: =L7/C7 -> 0.32257635 | N7: =SUM(N8:N10) -> 753 | O7: =C7-G7-L7+N7 -> 65251 | P7: =O7/C7 -> 0.51047534 | Q7: =S7+T7 -> 1305348 | R7: =AVERAGE(R8:R10) -> 240 | S7: =SUM(S8:S10) -> 1046989 | T7: =SUM(T8:T10) -> 258359 | V7: ='카테고리별 실적 및 재고'!B11 -> 이차전지 첨단소재 | W7: 85000 | X7: ='카테고리별 실적 및 재고'!E11 -> 89351 | Y7: ='카테고리별 실적 및 재고'!C11 -> 90954 | Z7: ='카테고리별 실적 및 재고'!G11 -> 16358 | AA7: ='카테고리별 실적 및 재고'!O11 -> 45163
B8: EPX-01 (에폭시 몰딩 EMC) | C8: 76694 | D8: =C8-I8 -> 69886 | E8: 66392 | F8: =(C8-E8)/E8 -> 0.1551693 | G8: =SUM(I8:K8) -> 13256 | H8: =G8/C8 -> 0.17284273 | I8: 6808 | J8: 3865 | K8: 2583 | L8: 24740 | M8: =L8/C8 -> 0.32258065 | N8: 450 | O8: =C8-G8-L8+N8 -> 39148 | P8: =O8/C8 -> 0.5104441 | Q8: =S8+T8 -> 783208 | R8: 335 | S8: 628193 | T8: 155015 | V8: ='카테고리별 실적 및 재고'!B15 -> 디스플레이/전장소재 | W8: 70000 | X8: ='카테고리별 실적 및 재고'!E15 -> 73531 | Y8: ='카테고리별 실적 및 재고'!C15 -> 92132 | Z8: ='카테고리별 실적 및 재고'!G15 -> 19048 | AA8: ='카테고리별 실적 및 재고'!O15 -> 43627
B9: SOL-02 (초고순도 세정용제) | C9: 31956 | D9: =C9-I9 -> 29119 | E9: 27663 | F9: =(C9-E9)/E9 -> 0.15518924 | G9: =SUM(I9:K9) -> 5523 | H9: =G9/C9 -> 0.17283139 | I9: 2837 | J9: 1610 | K9: 1076 | L9: 10308 | M9: =L9/C9 -> 0.32256853 | N9: 200 | O9: =C9-G9-L9+N9 -> 16325 | P9: =O9/C9 -> 0.51085868 | Q9: =S9+T9 -> 326337 | R9: 220 | S9: 261747 | T9: 64590 | V9: 합계 | W9: =SUM(W6:W8) -> 263000 | X9: =SUM(X6:X8) -> 273535 | Y9: =SUM(Y6:Y8) -> 310910 | Z9: =SUM(Z6:Z8) -> 57499 | AA9: =SUM(AA6:AA8) -> 154041
B10: CL-03 (웨이퍼 표면세정제) | C10: 19174 | D10: =C10-I10 -> 17472 | E10: 16598 | F10: =(C10-E10)/E10 -> 0.15519942 | G10: =SUM(I10:K10) -> 3314 | H10: =G10/C10 -> 0.17283822 | I10: 1702 | J10: 966 | K10: 646 | L10: 6185 | M10: =L10/C10 -> 0.32257223 | N10: 103 | O10: =C10-G10-L10+N10 -> 9778 | P10: =O10/C10 -> 0.50996141 | Q10: =S10+T10 -> 195803 | R10: 165 | S10: 157049 | T10: 38754
B11: 이차전지 첨단소재 | C11: =SUM(C12:C14) -> 90954 | D11: =C11-I11 -> 82733 | E11: =SUM(E12:E14) -> 89351 | F11: =(C11-E11)/E11 -> 0.017940482 | G11: =SUM(I11:K11) -> 16358 | H11: =G11/C11 -> 0.17984915 | I11: =SUM(I12:I14) -> 8221 | J11: =SUM(J12:J14) -> 4489 | K11: =SUM(K12:K14) -> 3648 | L11: =SUM(L12:L14) -> 29433 | M11: =L11/C11 -> 0.32360314 | N11: =SUM(N12:N14) -> 0 | O11: =C11-G11-L11+N11 -> 45163 | P11: =O11/C11 -> 0.49654771 | Q11: =S11+T11 -> 885844 | R11: =AVERAGE(R12:R14) -> 286 | S11: =SUM(S12:S14) -> 706306 | T11: =SUM(T12:T14) -> 179538
B12: TCF-01 (방열 세라믹 필러) | C12: 40929 | D12: =C12-I12 -> 37229 | E12: 45022 | F12: =(C12-E12)/E12 -> -0.09091111 | G12: =SUM(I12:K12) -> 7362 | H12: =G12/C12 -> 0.17987246 | I12: 3700 | J12: 2020 | K12: 1642 | L12: 13245 | M12: =L12/C12 -> 0.32360918 | N12: 0 | O12: =C12-G12-L12+N12 -> 20322 | P12: =O12/C12 -> 0.49651836 | Q12: =S12+T12 -> 398630 | R12: 265 | S12: 317838 | T12: 80792
B13: BND-02 (음극용 수계바인더) | C13: 30015 | D13: =C13-I13 -> 27302 | E13: 26600 | F13: =(C13-E13)/E13 -> 0.12838346 | G13: =SUM(I13:K13) -> 5398 | H13: =G13/C13 -> 0.17984341 | I13: 2713 | J13: 1481 | K13: 1204 | L13: 9713 | M13: =L13/C13 -> 0.32360486 | N13: 0 | O13: =C13-G13-L13+N13 -> 14904 | P13: =O13/C13 -> 0.49655172 | Q13: =S13+T13 -> 292329 | R13: 290 | S13: 233081 | T13: 59248
B14: SEP-03 (분리막 세라믹 코팅) | C14: 20010 | D14: =C14-I14 -> 18202 | E14: 17729 | F14: =(C14-E14)/E14 -> 0.12865926 | G14: =SUM(I14:K14) -> 3598 | H14: =G14/C14 -> 0.17981009 | I14: 1808 | J14: 988 | K14: 802 | L14: 6475 | M14: =L14/C14 -> 0.32358821 | N14: 0 | O14: =C14-G14-L14+N14 -> 9937 | P14: =O14/C14 -> 0.4966017 | Q14: =S14+T14 -> 194885 | R14: 302 | S14: 155387 | T14: 39498
B15: 디스플레이/전장소재 | C15: =SUM(C16:C18) -> 92132 | D15: =C15-I15 -> 83558 | E15: =SUM(E16:E18) -> 73531 | F15: =(C15-E15)/E15 -> 0.25296814 | G15: =SUM(I15:K15) -> 19048 | H15: =G15/C15 -> 0.20674684 | I15: =SUM(I16:I18) -> 8574 | J15: =SUM(J16:J18) -> 4447 | K15: =SUM(K16:K18) -> 6027 | L15: =SUM(L16:L18) -> 30037 | M15: =L15/C15 -> 0.32602136 | N15: =SUM(N16:N18) -> 580 | O15: =C15-G15-L15+N15 -> 43627 | P15: =O15/C15 -> 0.47352711 | Q15: =S15+T15 -> 894503 | R15: =AVERAGE(R16:R18) -> 298 | S15: =SUM(S16:S18) -> 712921 | T15: =SUM(T16:T18) -> 181582
B16: SHC-01 (하이브리드 코팅제) | C16: 41459 | D16: =C16-I16 -> 37601 | E16: 33089 | F16: =(C16-E16)/E16 -> 0.25295415 | G16: =SUM(I16:K16) -> 8571 | H16: =G16/C16 -> 0.20673436 | I16: 3858 | J16: 2001 | K16: 2712 | L16: 13517 | M16: =L16/C16 -> 0.32603295 | N16: 290 | O16: =C16-G16-L16+N16 -> 19661 | P16: =O16/C16 -> 0.47422755 | Q16: =S16+T16 -> 402526 | R16: 235 | S16: 320814 | T16: 81712
B17: OPT-02 (광학용 투명 점착제) | C17: 30404 | D17: =C17-I17 -> 27575 | E17: 24265 | F17: =(C17-E17)/E17 -> 0.25299815 | G17: =SUM(I17:K17) -> 6286 | H17: =G17/C17 -> 0.20674911 | I17: 2829 | J17: 1468 | K17: 1989 | L17: 9912 | M17: =L17/C17 -> 0.32600974 | N17: 190 | O17: =C17-G17-L17+N17 -> 14396 | P17: =O17/C17 -> 0.47349033 | Q17: =S17+T17 -> 295186 | R17: 296 | S17: 235264 | T17: 59922
B18: FLM-03 (전자파 차폐 나노소재) | C18: 20269 | D18: =C18-I18 -> 18382 | E18: 16177 | F18: =(C18-E18)/E18 -> 0.25295172 | G18: =SUM(I18:K18) -> 4191 | H18: =G18/C18 -> 0.20676896 | I18: 1887 | J18: 978 | K18: 1326 | L18: 6608 | M18: =L18/C18 -> 0.3260151 | N18: 100 | O18: =C18-G18-L18+N18 -> 9570 | P18: =O18/C18 -> 0.47214959 | Q18: =S18+T18 -> 196791 | R18: 362 | S18: 156843 | T18: 39948
